<!DOCTYPE hibernate-mapping PUBLIC "-//Hibernate/Hibernate Mapping DTD 3.0//EN" "http://hibernate.sourceforge.net/hibernate-mapping-3.0.dtd">
<hibernate-mapping>
    <class name="com.aprendoz_desarrollo.data.Coordinacion" table="coordinacion" catalog="aprendoz_desarrollo" dynamic-insert="false" dynamic-update="false">
        <composite-id name="id" class="com.aprendoz_desarrollo.data.CoordinacionId">
            <key-property name="idCordinacion" type="integer">
                <column name="id_cordinacion"/>
            </key-property>
            <key-property name="personaIdPersona" type="integer">
                <column name="Persona_Id_Persona"/>
            </key-property>
            <key-property name="cursoIdCurso" type="integer">
                <column name="Curso_Id_Curso"/>
            </key-property>
            <key-property name="syIdSy" type="integer">
                <column name="SY_Id_SY"/>
            </key-property>
        </composite-id>
        <many-to-one
            name="curso"
            class="com.aprendoz_desarrollo.data.Curso"
            update="false"
            insert="false"
            fetch="select"
            cascade="none">
            <column name="Curso_Id_Curso" not-null="true"/>
        </many-to-one>
        <many-to-one
            name="sy"
            class="com.aprendoz_desarrollo.data.Sy"
            update="false"
            insert="false"
            fetch="select"
            cascade="none">
            <column name="SY_Id_SY" not-null="true"/>
        </many-to-one>
        <many-to-one
            name="persona"
            class="com.aprendoz_desarrollo.data.Persona"
            update="false"
            insert="false"
            fetch="select"
            cascade="none">
            <column name="Persona_Id_Persona" not-null="true"/>
        </many-to-one>
    </class>
</hibernate-mapping>