<!DOCTYPE hibernate-mapping PUBLIC "-//Hibernate/Hibernate Mapping DTD 3.0//EN" "http://hibernate.sourceforge.net/hibernate-mapping-3.0.dtd">
<hibernate-mapping>
    <class name="com.aprendoz_desarrollo.data.PadresVistaInsAlumnAprendizaje" table="padres_vista_ins_alumn_aprendizaje" catalog="aprendoz_desarrollo" dynamic-insert="false" dynamic-update="false">
        <composite-id name="id" class="com.aprendoz_desarrollo.data.PadresVistaInsAlumnAprendizajeId">
            <key-property name="fechaLogro" type="date">
                <column name="Fecha_Logro" length="10"/>
            </key-property>
            <key-property name="calificacion" type="string">
                <column name="Calificacion" length="30"/>
            </key-property>
            <key-property name="calificacionNum" type="float">
                <column name="Calificacion_Num" precision="12"/>
            </key-property>
            <key-property name="comentario" type="string">
                <column name="Comentario" length="500"/>
            </key-property>
            <key-property name="personaIdPersona" type="integer">
                <column name="Persona_Id_Persona"/>
            </key-property>
            <key-property name="aprendizajeIdAprendizaje" type="integer">
                <column name="Aprendizaje_Id_Aprendizaje"/>
            </key-property>
            <key-property name="idPersona" type="integer">
                <column name="Id_Persona"/>
            </key-property>
            <key-property name="idAprendizaje" type="integer">
                <column name="Id_Aprendizaje"/>
            </key-property>
        </composite-id>
    </class>
</hibernate-mapping>